n_nodes,n_communities,edge_density,avg_degree,homophily,degree_heterogeneity,clustering_coefficient,feature_signal,structure_signal,degree_signal,target_homophily,target_density,homophily_ratio,density_ratio,graph_id,method
152,9,0.15981178110840014,24.13157894736842,0.03215236868456137,0.19195189230128265,0.4479560374992085,0.998830405897994,1.3154530701152916,1.1960950825720649,0.7319939418114051,0.19063571821788408,0.043924364462630046,0.8383097490982555,0,DC-SBM
281,12,0.03393492628368073,9.501779359430605,0.005156358064327938,0.4265662755899929,0.2520619332159178,1.0179542799206993,2.6666423760846962,1.0258502758788801,0.8103767513604528,0.032049543652040845,0.006362914601969383,1.0588271287762885,1,DC-SBM
69,13,0.0443307757885763,3.0144927536231885,0.03448997766559418,0.49071444413270876,0.10048309178743961,1.1007613592556367,1.9916108895137214,0.5108058608058608,0.5576272473479712,0.040759207350330964,0.06185131345289465,1.0876260523799497,2,DC-SBM
72,6,0.16471048513302033,11.694444444444445,0.012844631039509983,0.2698968679266891,0.8342417771952082,1.0166235989779893,3.5042979490039823,0.9876609229550407,0.9522617798900406,0.1681410028573208,0.013488550428846547,0.9795973756192503,3,DC-SBM
57,15,0.05263157894736842,2.9473684210526314,0.04041089389301979,0.4557363033940708,0.21929824561403513,0.9953411572680657,4.355551508753319,0.3575757575757576,0.6511926380440286,0.04390713243223569,0.06205674255532281,1.198702261610859,4,DC-SBM
267,7,0.19315141787051898,51.37827715355805,0.02007527926928556,0.38786156278731865,0.2511756043948019,1.028049473442006,0.001642315072857965,3.9236966190981293,0.13911426282037742,0.19178028384985538,0.14430784351139112,1.0071495045952537,5,DC-SBM
172,6,0.07479940160478717,12.790697674418604,0.019118146814402312,0.39111199807896757,0.08526612081938935,1.0275405028830378,0.10374927195531786,0.9061054994388328,0.11551609267209384,0.07475051607231473,0.16550202116575605,1.0006539825414067,6,DC-SBM
259,12,0.10475591870940708,27.027027027027028,0.01364171060394911,0.20883349485039165,0.5250410800783353,1.0046959582539232,2.108558942767711,1.2181376131131034,0.9135975885979075,0.1734882003762058,0.014931859249853054,0.6038215768118287,7,DC-SBM
299,11,0.07106462256739467,21.17725752508361,0.013649959562349217,0.49464678562342046,0.19616417809712855,0.9992679599570845,0.8937895498764962,1.705128475583021,0.546248501071261,0.07417625442270366,0.024988552894113128,0.9580508360859402,8,DC-SBM
289,6,0.15275374855824683,43.99307958477509,0.024327998013715914,0.30632336237918184,0.17681654315673812,1.058249606704085,0.01261884107427435,2.672786676837019,0.14235818030960734,0.15619172870178646,0.17089287008871726,0.9779887182751931,9,DC-SBM
278,10,0.10131678051060956,28.06474820143885,0.014956119799590026,0.2178420255279341,0.7464782480361727,1.0186813804870825,3.224651380228456,1.6585817267363432,0.9710020877552521,0.19305642809434403,0.015402767911823297,0.524803973173571,10,DC-SBM
299,4,0.06509393728535835,19.39799331103679,0.004600063187512719,0.2919197192264444,0.09600553706260323,0.9994482929058766,0.6066185543918078,1.4228731683553593,0.6065096071147017,0.0645308257824106,0.007584485280284711,1.0087262404613648,11,DC-SBM
135,12,0.09187396351575457,12.311111111111112,0.02268605991320842,0.28611104766894674,0.3701803340055833,1.1295223799161258,1.6662239920344748,0.8411173793526735,0.7074317224407479,0.08847663361352368,0.03206819710450365,1.038398046619527,12,DC-SBM
144,8,0.16909479409479408,24.180555555555557,0.04893827018297579,0.37206113878874314,0.21579683077385442,1.3063158873107255,0.19162305206084734,3.3676648351648346,0.19420196302662296,0.17213298409061298,0.2519967842769277,0.9823497512003885,13,DC-SBM
225,10,0.12313492063492064,27.58222222222222,0.032454610792100186,0.4851928413252672,0.20577116500138595,1.4516914891135888,0.23649529655616708,2.893176698385744,0.31356025709472257,0.12635350965252998,0.10350358522092952,0.9745271102760785,14,DC-SBM
209,13,0.17703349282296652,36.822966507177036,0.049789779384428974,0.21459560519025134,0.2961930926427871,1.230967304801675,0.5362477995018815,2.2325063500230726,0.478797802891609,0.1828632084517617,0.10398915593123652,0.9681198001601671,15,DC-SBM
195,9,0.15722971186888712,30.502564102564104,0.032547647179028395,0.37474460878821975,0.24127481637393824,1.0218877067007002,0.3837340271725005,2.1946377591372426,0.3790615227741797,0.1598370791038529,0.08586375884533702,0.9836873443284605,16,DC-SBM
111,3,0.061588861588861586,6.774774774774775,0.006649271674035615,0.599231107230963,0.06323141323141318,0.9988012990776726,4.559911680316805,1.5637624657456846,0.003985709955520389,0.062345344056372924,1.6682778597138188,0.9878662556288514,17,DC-SBM
141,9,0.03961499493414387,5.546099290780142,0.01660599585906495,0.6592539816326135,0.06334179610775355,1.0786478428919617,0.10860340335364517,0.8877585377585377,0.12084736121263528,0.04235891751589468,0.13741297859078694,0.9352220797256874,18,DC-SBM
196,10,0.0380952380952381,7.428571428571429,0.01116377029270755,0.40062820492307033,0.03997047203829914,1.0521761667086158,0.19079296045084815,0.6680804953560372,0.269319710853958,0.0393467119576276,0.04145173874318187,0.968193686330456,19,DC-SBM
73,8,0.08447488584474885,6.082191780821918,0.03008044817370076,0.45354790894204955,0.1647255332186839,1.0279049455123217,0.7192093664732464,0.937898212898213,0.5406141593168866,0.09166167556937296,0.05564125107583206,0.9215943884946236,20,DC-SBM
59,14,0.03331385154880187,1.9322033898305084,0.028922042215165793,0.45563399695510703,0.0,1.2341749866971243,4.943924746612672,0.17979797979797976,0.4433313462619768,0.010890154332376056,0.06523798161133176,3.0590798378091786,21,DC-SBM
199,15,0.04431247144814984,8.773869346733669,0.017845239445465656,0.5361026665213505,0.28564102702772154,0.9983692852596906,1.882530211233919,1.2113180298087416,0.7045340807809596,0.052804803494999095,0.025329135853420497,0.8391750089998248,22,DC-SBM
258,9,0.18242692968962085,46.883720930232556,0.04677135751836764,0.4596606048272285,0.25794460228728106,1.0343430252100485,0.05973048984963514,6.142717492794219,0.05004435574380006,0.18731978388435772,0.9345980545300974,0.9738796720064684,23,DC-SBM
85,4,0.08291316526610644,6.964705882352941,0.02080975421237334,0.643037739714287,0.2743559813888534,0.9975491276666857,1.2757225703370696,1.5758485888634635,0.7410144296741581,0.09607211226510264,0.028082792154970438,0.8630305227110524,24,DC-SBM
294,10,0.10589491769404007,31.027210884353742,0.010896035910596258,0.18266552151786983,0.7523870938154685,1.031005875265848,3.2512609765825813,0.9546037165520087,0.907145723503322,0.11715951004031382,0.012011340216119484,0.9038525140434808,25,DC-SBM
244,15,0.0507319705862511,12.327868852459016,0.01660006969051206,0.5532362400066333,0.1702527333088181,1.0052343802072896,1.025345039540583,1.6387456414701,0.49592880302208187,0.05368416789626728,0.03347268718686001,0.9450080456547143,26,DC-SBM
203,9,0.06379554211578793,12.886699507389162,0.009220678542001388,0.25629358502410626,0.21762024605593971,1.009230297580703,1.4084738144894127,0.8201188674872886,0.7025863082827757,0.06678141846587163,0.013123908669011902,0.9552888150824527,27,DC-SBM
266,13,0.10682366293091218,28.30827067669173,0.023385560875702385,0.25363411908222255,0.45287227442799916,1.0092943700759995,1.618133631862411,1.6584967345665886,0.8423912608331384,0.14809732092389605,0.027760925312275548,0.7213071935704124,28,DC-SBM
115,10,0.08466819221967964,9.652173913043478,0.027751998457168973,0.31809584837362515,0.11884729081660023,1.0051413138174348,0.2866980286009224,0.9017758711876358,0.32269740756660337,0.08846239446755852,0.08600006633595617,0.9571094331018779,29,DC-SBM
201,4,0.06756218905472637,13.512437810945274,0.006166657589391129,0.440344841089699,0.1827378612778522,0.996993300032527,1.4320752788374782,1.9895783062476378,0.7778329286879171,0.06783495414909095,0.007927997596853245,0.9959789890361673,30,DC-SBM
143,10,0.1446862996158771,20.545454545454547,0.03354993713266618,0.6718113170607851,0.2868165147623752,1.0057129722564466,0.167525897892684,3.4773662375636056,0.011792477156556957,0.14919796744149452,2.845028799908376,0.9697605275528528,31,DC-SBM
115,10,0.06422578184591915,7.321739130434783,0.03228573731215601,0.6594668704950701,0.1228401030827479,1.1339974644524864,0.11432172964281855,1.4454036159918513,0.07736759228932844,0.06824661381730734,0.4173031156432832,0.9410837879495128,32,DC-SBM
62,3,0.16181914331041777,9.870967741935484,0.020285974503162427,0.34498413648095805,0.2511560053792651,0.9948911735013484,0.796740763644208,0.6938215102974828,0.7539857104582635,0.16566506089563243,0.026904985362166685,0.9767849807049083,33,DC-SBM
75,10,0.1592792792792793,11.786666666666667,0.062309056601333575,0.3311486146854422,0.21238989062168487,1.023093316742511,0.46050772524459493,1.3761507936507937,0.26560910559475637,0.16266166932247034,0.2345893092099011,0.9792059797659792,34,DC-SBM
195,9,0.039492466296590006,7.661538461538462,0.017575675613397936,0.44822767637682004,0.046301841160451364,0.9997479056022031,0.2553097713602759,1.009565364149651,0.23293538296027205,0.04130514101499743,0.07545300928539281,0.9561150337739008,35,DC-SBM
251,10,0.1281593625498008,32.0398406374502,0.0452977762907221,0.3754527478485634,0.3642419466712961,1.0840947509270755,1.0559765051448116,2.9388106082307366,0.7496183843556458,0.1786801142265738,0.06042778197023409,0.7172558798976891,36,DC-SBM
91,9,0.1684981684981685,15.164835164835164,0.03553298566271031,0.25346993299268644,0.3671909945194325,1.0393759943762402,0.8703778474158486,1.2844797178130511,0.5839796494584972,0.1765589844112957,0.06084627383104658,0.9543449123248837,37,DC-SBM
295,12,0.0972212613859103,28.583050847457628,0.011169707499253065,0.1960951042165664,0.6107592149489302,1.0005448221024795,2.645893526819099,1.1707717051467053,0.9342946600835323,0.1624069032178177,0.011955229946679153,0.5986276411878786,38,DC-SBM
135,10,0.12493090105030404,16.74074074074074,0.03627874922751491,0.2910952956353722,0.2963999346865591,1.0438867168332335,0.9190076702470134,1.3896145667198299,0.5477436709256521,0.12659479350103006,0.06623307790340346,0.9868565491146167,39,DC-SBM
167,6,0.045090541807950364,7.485029940119761,0.005668936148487475,0.38512169505235616,0.13200731404324212,0.99973462124913,1.4617140413698742,0.6483938120702826,0.7264182240649424,0.04488398784497922,0.007803956399613492,1.0046019521189726,40,DC-SBM
133,5,0.16416040100250626,21.669172932330827,0.03950850946322625,0.42385518871692834,0.44631360008119436,1.0050588102117426,1.3979452202333273,3.096363636363636,0.769936013061497,0.19432546024335642,0.05131401674033735,0.8447704217292266,41,DC-SBM
206,14,0.13649064645986267,27.980582524271846,0.02985152390322555,0.48704638990880916,0.20495553729246696,1.0537122005750823,0.06865136471432644,3.3987179059658055,0.18723708070183054,0.13913712563458167,0.15943168837781235,0.980979345644458,42,DC-SBM
55,4,0.08821548821548822,4.763636363636364,0.03389373992443489,0.5031223527720331,0.20199134199134203,1.0493673028814625,1.2004351859391629,0.926636302294197,0.6939354572091423,0.08871422377928721,0.04884278440065327,0.9943781781257558,43,DC-SBM
72,10,0.1643192488262911,11.666666666666666,0.05320051452150366,0.2411706145162019,0.3646744345886501,1.0128844107776753,1.2014318865803957,1.1725396825396825,0.5262515055677559,0.1828220051932829,0.10109332507107475,0.8987936033880038,44,DC-SBM
216,10,0.12652885443583117,27.203703703703702,0.036372151625585804,0.3002150256842905,0.43819303757713673,1.0342049288452326,1.2580231502099566,2.5201289451917637,0.8005747657760213,0.17863995224716814,0.04543254818971115,0.708289790968845,45,DC-SBM
261,7,0.15626289419392866,40.628352490421456,0.039521081705513494,0.3283723144528452,0.17882952866731572,1.0052583738801653,0.10207734798368673,3.0968650865365097,0.09814164932500868,0.15597963583626404,0.40269428909467736,1.0018159957621775,46,DC-SBM
213,15,0.07254849853840022,15.380281690140846,0.02930817314992598,0.28070616251708924,0.074559199204241,1.0330287042054713,0.17299422276895232,1.2430388620094501,0.13103296493123828,0.07066971231822879,0.22367022806288425,1.0265854516530528,47,DC-SBM
79,10,0.16163583252190847,12.60759493670886,0.07435500218636117,0.28734862580898207,0.19037918609282792,1.220074220878308,0.2811935725316019,1.1745238095238095,0.2294663651867226,0.1565735748124456,0.32403442711900987,1.0323314947335576,48,DC-SBM
171,4,0.09391124871001032,15.964912280701755,0.009440779217191886,0.35237562156606855,0.10458956954392512,0.9946711283883224,0.05154466924120481,1.4072401133209989,0.36546087373939995,0.09276328065126281,0.025832530636162834,1.0123752421290835,49,DC-SBM
99,11,0.0585446299732014,5.737373737373737,0.01686091105629322,0.45382256406970106,0.3572910815335058,1.19630721461746,3.053497068786565,0.7615864527629234,0.7851865958149933,0.05781802868233687,0.02147376323814118,1.0125670367431,50,DC-SBM
183,7,0.1060469585059749,19.30054644808743,0.024684498868876317,0.45814341398344727,0.3163417991496769,1.0481539379227631,1.242344328181256,2.6284513805522214,0.6877084201385912,0.10871606942208324,0.03589384417294432,0.9754487912385271,51,DC-SBM
88,11,0.09117032392894461,7.931818181818182,0.024602660206814276,0.3263332323617841,0.6526184043229498,19269349.713365104,2.9620598672290184,0.8379902925357471,0.895644797457534,0.13087379665016488,0.027469215783593924,0.6966277915253691,52,DC-SBM
76,6,0.0712280701754386,5.342105263157895,0.014394972922123439,0.4034900764477878,0.06874477861319965,0.9846978107122943,0.20674417867393713,0.5670751633986928,0.02771366716166057,0.07045990048997239,0.5194178322974746,1.01090222495525,53,DC-SBM
93,4,0.1535764375876578,14.129032258064516,0.02454547471177007,0.2934241506508594,0.3235423862696015,0.9865889954980716,1.0562303072326804,1.820045248868778,0.7336137168173515,0.16312271768458877,0.03345830939238174,0.9414779239064083,54,DC-SBM
98,14,0.11929307805596466,11.571428571428571,0.038014398608883795,0.279895902438386,0.3552123635264785,1.0854127145059755,1.3890463257041699,0.9871598639455783,0.578836053536071,0.12598930208815057,0.06567386115059066,0.9468508522453694,55,DC-SBM
268,7,0.03563642461848063,9.514925373134329,0.012218936713201962,0.49557767487439347,0.04685542039493428,1.0089974589106883,0.20569524554733748,1.4094888463577282,0.11893017222667002,0.03627951194098216,0.10274042729807696,0.9822740911303416,56,DC-SBM
151,11,0.1223841059602649,18.357615894039736,0.01959736509173383,0.3388454224800755,0.14011060859179186,1.6293971053495684,0.03126624038857243,1.7481700118063754,0.03797354986812751,0.1254915601558945,0.5160793541765387,0.9752377435441133,57,DC-SBM
115,6,0.1360793287566743,15.513043478260869,0.01573245956359832,0.3045398996248476,0.3173511838682576,1.0109034560415286,1.191794357262929,1.5298616416263477,0.6676375921392431,0.14711450013764835,0.0235643704740897,0.9249892337556873,58,DC-SBM
298,6,0.07565588773642465,22.469798657718123,0.006373401006449655,0.3740070808006137,0.19888778382898728,1.0710300946251503,1.289164876637596,1.5603358974546648,0.6773445235032551,0.07558420673127764,0.009409393278159466,1.000948359561434,59,DC-SBM
298,6,0.02162565249813572,6.422818791946309,0.003192501377375766,0.5740273295968278,0.027948221605930672,1.0111064998804034,0.4396560449594691,0.6302587705594411,0.006129715912453371,0.021185562853164572,0.5208237091199863,1.0207730919410247,60,DC-SBM
146,4,0.14529995276334434,21.068493150684933,0.015371922728094064,0.46663127279450833,0.1961830985245594,1.0057578406080756,0.1294971156638761,2.171562544572814,0.11398636198927559,0.1445336240815314,0.13485756067502472,1.005302078922346,61,DC-SBM
258,3,0.14550719391910236,37.395348837209305,0.009749377523293072,0.20083021018373334,0.13680900972703455,1.068859048812173,0.4505835580087451,2.221260114858749,0.1002906309988073,0.14900315544924297,0.09721124920840328,0.976537667812468,62,DC-SBM
205,7,0.14189383070301292,28.946341463414633,0.017231514294488198,0.18388995717239007,0.6868674234132073,1.013843080042255,2.927369265075757,1.777461691747406,0.8881418855667088,0.15395423367287753,0.019401758406533264,0.9216624143283348,63,DC-SBM
270,11,0.15624397631832576,42.02962962962963,0.044925213408712666,0.23811132722043218,0.29424424479450667,1.0320067395408532,0.6447928802152192,2.760235776982188,0.46233891635120805,0.1593094705366322,0.09716943960344877,0.9807576146729987,64,DC-SBM
107,9,0.04214424263798272,4.4672897196261685,0.021155770712974517,0.4724514556751554,0.024365821094793058,1.014781352483026,0.23353914326696573,0.6212454212454213,0.09514361712108266,0.03873269005275653,0.2223561743091083,1.088079412521553,65,DC-SBM
58,7,0.09618874773139746,5.482758620689655,0.027179886780619174,0.45090436047635024,0.47368761506692536,2.0873829188030997,2.262930188605176,0.7454212454212454,0.8673613012903925,0.09374374632814647,0.031336291739305244,1.0260817547731915,66,DC-SBM
208,4,0.16420475659606093,33.99038461538461,0.00781850358520439,0.1948945128244533,0.6228945060482967,1.047023511371975,4.308836330749096,2.6285520431101332,0.9770246663483079,0.16459483830329694,0.008002360487403605,0.9976300489659511,67,DC-SBM
233,7,0.10437324256326773,24.21459227467811,0.008207992446980962,0.2088182898705059,0.7590685607994272,1.0249848744050711,5.673765815812735,1.3179058853012056,0.9942043571770383,0.11157832042909037,0.00825584034884627,0.9354258261092793,68,DC-SBM
174,14,0.18915686665337852,32.724137931034484,0.04609284074643639,0.23709870028230154,0.21366327762366924,7271173.535835502,0.14204428501016436,2.0119679573461084,0.19509000001456656,0.18988792300053528,0.23626449711925177,0.9961500640187912,69,DC-SBM
163,12,0.06551541316367493,10.613496932515337,0.024807422178047534,0.4265433814276895,0.08136557296537975,1.02190879340261,0.14193547609234244,1.2580066376119008,0.07653049138377754,0.06059380183074007,0.3241508283756565,1.0812230159560323,70,DC-SBM
161,6,0.16746894409937887,26.795031055900623,0.017543559653443456,0.19034802334055206,0.7967620186843924,1.0064991428395897,3.285824510453717,1.4274656735925835,0.9306960488426046,0.1804928850239352,0.01884993460030295,0.9278423583132974,71,DC-SBM
116,3,0.11454272863568216,13.172413793103448,0.04087384992594302,0.33764052463041344,0.11862204087285422,1.0221764623712144,10.046146074247284,1.5809713559713554,0.3044171978056467,0.11573127721466213,0.13426918787958453,0.9897301005606686,72,DC-SBM
298,6,0.15824915824915825,47.0,0.02588286938450385,0.3263642471559207,0.1854872019970464,1.08489640015978,0.051125612330063554,2.698921195763301,0.08490075887790627,0.15793085940897822,0.30486028307150215,1.0020154315715826,73,DC-SBM
90,3,0.07166042446941323,6.377777777777778,0.017211385545336008,0.5161147988061832,0.09947026103888847,1.0283854401835177,0.11269105527660848,1.6955128205128205,0.3255771992539006,0.06772598210601147,0.052864222632229695,1.0580935446198947,74,DC-SBM
39,3,0.06072874493927125,2.3076923076923075,0.0312742255666062,0.680957930935314,0.0794871794871795,1.0205067098294764,2.2478736495286817,0.6565656565656566,0.9075617980260233,0.029373922581541943,0.03445960995122169,2.0674373594704076,75,DC-SBM
90,13,0.15380774032459427,13.688888888888888,0.0504440995277647,0.2635375830552014,0.16095051407498118,1.0306645123993488,0.09710519818163822,1.1769230769230767,0.08608597022116127,0.16006889147092557,0.5859735262107176,0.9608846472990752,76,DC-SBM
246,15,0.11362203417952547,27.83739837398374,0.026431305142868414,0.28563920252272473,0.2737048573797191,0.9996309204123581,0.8998160151761084,1.8265014723838255,0.7529398524157702,0.15609583390714285,0.03510413887386207,0.7278992099630034,77,DC-SBM
83,4,0.1792535997649133,14.698795180722891,0.03302297353502945,0.3392175260287462,0.29069420973472493,1.0268639433851936,0.6267008292707111,1.642857142857143,0.6182637580229136,0.18549226185973788,0.05341243620785804,0.9663669954084553,78,DC-SBM
56,9,0.12467532467532468,6.857142857142857,0.05669657469941784,0.39883728581409683,0.16343022057307768,1.3021141658759223,0.43886467809639773,0.9996527777777777,0.3778461374884139,0.09826243848073243,0.150052016083283,1.2687994171829082,79,DC-SBM
293,14,0.04277899855065688,12.491467576791809,0.008168468598193363,0.370954343184606,0.157772318302546,1.0041242414084273,1.2560926115084865,0.9840100095982448,0.5782478252337554,0.043457932620541616,0.014126241797608624,0.9843772119623606,80,DC-SBM
114,13,0.13957460021735754,15.771929824561404,0.0434012065951455,0.23975401513393602,0.3562884881349385,1.0233767244041838,1.1161824116004047,1.011103639949794,0.7531521296654153,0.17872507734843804,0.057626082282242634,0.7809458095533304,81,DC-SBM
132,14,0.10987739995373583,14.393939393939394,0.024784210986179826,0.23833680398327906,0.34296342798083496,1.0102258699546753,1.3141851906000468,0.7744279529993816,0.6079724448503897,0.11646028987078597,0.040765352436784766,0.9434752401496345,82,DC-SBM
74,7,0.1325435024065161,9.675675675675675,0.03140275905608962,0.3672201793090317,0.14077533849205673,1.0450035754789864,0.12933995484549962,1.1701465201465202,0.34024752172592077,0.1271607508362541,0.09229386564462753,1.0423302908709104,83,DC-SBM
57,10,0.03446115288220551,1.9298245614035088,0.028528648182161175,0.521441105443636,0.02631578947368421,1.0710584815220054,3.5010099900641904,0.2527380952380952,0.4166478392473335,0.02266340908828187,0.06847184959292635,1.5205635104572008,84,DC-SBM
268,13,0.0827324053887864,22.08955223880597,0.011105486997786651,0.24584708066368136,0.6916985442176783,1.0001357255131433,3.2479413647683937,1.472357789542523,0.8925203499788401,0.09221798187468247,0.012442838976220475,0.8971396218712931,85,DC-SBM
205,12,0.12845528455284552,26.204878048780486,0.027792420702944062,0.2128779491080136,0.39661647013830525,1.0137042692474199,1.2612240567681021,1.8737060461325168,0.8403819309274131,0.1952352120436512,0.03307117832992128,0.6579514177192849,86,DC-SBM
137,8,0.17732932589094033,24.116788321167885,0.07626505125124791,0.30193404848117233,0.20183263024679066,0.987504921033229,0.11800653769643084,1.3050410953855227,0.145775412716749,0.19216860399407362,0.5231681380963457,0.9227799037162651,87,DC-SBM
93,3,0.027115474520804116,2.4946236559139785,0.00817237409183946,0.5112076234221733,0.026523297491039422,1.0007974254265626,0.04022287299785713,0.20634920634920637,0.31989110249338903,0.018968242077116785,0.025547362924882702,1.4295196365885756,88,DC-SBM
291,7,0.13565588339850693,39.34020618556701,0.029487220571990123,0.3249157465068201,0.16018563829420082,1.2416563232873057,0.0246874067210952,2.822171778669727,0.11073889047120111,0.14044148847186708,0.2662770093371904,0.965924563137062,89,DC-SBM
154,11,0.06909430438842204,10.571428571428571,0.012445334854927818,0.33188865055360445,0.4505080016375692,1.007705640437151,2.793340972624393,1.1081443808716538,0.8342821028143524,0.06990393212737252,0.014917417996796224,0.9884179943200442,90,DC-SBM
56,3,0.045454545454545456,2.5,0.008132716202623949,0.565685424949238,0.0471938775510204,1.1259018083065575,1.0771379968908918,0.45555555555555566,0.8044915962497176,0.04825544354861671,0.01010913754790736,0.9419568469772869,91,DC-SBM
176,6,0.1225974025974026,21.454545454545453,0.01748650317067048,0.27095461489403677,0.33877520809115524,1.0083545949632942,1.5004763427821128,2.065195964048051,0.7485490735626471,0.11787105335418377,0.02336053010852736,1.0400976245543245,92,DC-SBM
202,13,0.07053839712329442,14.178217821782178,0.010474605761861242,0.32251004601983274,0.8571372087881013,1.5069973655308324,4.896218005980168,0.7405573837926779,0.9851692116597298,0.07676664885199172,0.010632291019544259,0.9188677398083959,93,DC-SBM
191,5,0.09820887296775971,18.659685863874344,0.020543527227330043,0.8294642958103211,0.3056160152059084,1.0308543777255916,0.24877295106398378,2.7691218612569175,0.47827377434888685,0.10331832623528463,0.042953488836592855,0.9505464959247475,94,DC-SBM
209,13,0.04108391608391608,8.545454545454545,0.012421102637318392,0.5239493151527755,0.22205402555152437,1.152231217203206,1.9194406177116337,0.9853656655496119,0.6641259168469846,0.03919768569842119,0.018702933167085285,1.0481209630590733,95,DC-SBM
282,10,0.06865046313823478,19.29078014184397,0.010488042632481017,0.2817424082421319,0.10371332991752803,1.1159374927997354,0.4851983190148338,1.1329632635882636,0.41131225010801364,0.06862741903720011,0.025498979497271913,1.0003357856285136,96,DC-SBM
165,7,0.028011825572801182,4.593939393939394,0.014432571283014641,0.52281041904414,0.03399667672394945,1.0026421254045386,0.14674717146507638,0.8165404006553371,0.18827938932077826,0.02658227632745351,0.07665507804694097,1.053778285491347,97,DC-SBM
135,7,0.1154228855721393,15.466666666666667,0.020934620022102515,0.3089047046063606,0.5346703399138405,1.0616180612384194,2.5253153791331004,1.5518341307814991,0.8628780375752283,0.12853860665645161,0.024261389339483998,0.8979627877920986,98,DC-SBM
208,11,0.14107209215904867,29.201923076923077,0.041209243350244826,0.2613748151686515,0.15352277349482232,1.0243017906481504,0.0551134855545001,2.014640558456868,0.136224110573276,0.14272496000770182,0.3025106435037288,0.9884192095862984,99,DC-SBM
268,3,0.026999832299178267,7.208955223880597,0.0580275920983662,0.44502141177953186,0.043545819723561044,0.9987703456889282,1.2990635006278664,1.8098059396286716,0.811391503816313,0.08334685772484382,0.07151614458056094,0.32394541361491813,100,DCCC-SBM
134,13,0.013578722926719784,1.8059701492537314,0.027364222031364092,0.5038611925512787,0.0037313432835820895,0.9759132950621078,1.8536352343582896,0.17282333051563817,0.15609625706100083,0.036573513716631825,0.17530351173423994,0.3712720366964592,101,DCCC-SBM
206,4,0.06710869050438077,13.757281553398059,0.04017082190675639,0.35602390748649465,0.06988257358008984,1.0715800892219485,0.012778410245343024,2.6259154899543273,0.43751830377491185,0.027609891380023885,0.09181518021111842,2.43060320595592,103,DCCC-SBM
270,10,0.036018174308137134,9.688888888888888,0.06520195458891834,0.331054763027542,0.03875827897548329,1.074971324777404,0.02358268952659982,1.0138514308298907,0.5947309313549836,0.08811146723639322,0.10963269463783873,0.4087796451227443,104,DCCC-SBM
298,4,0.047341423180349354,14.060402684563758,0.10254056135762031,0.2836177880088654,0.05171521757517957,1.4950159423775087,0.030488406948275776,1.8333659094528658,0.47815705264812347,0.1500941203405382,0.21444954286406828,0.3154115769021442,105,DCCC-SBM
172,10,0.06575547395620834,11.244186046511627,0.055502291752230516,0.4370464801616794,0.25734343474164156,1.1984511564925413,1.995759093688291,1.3578632478632477,0.9470486240406313,0.08816015406467144,0.05860553549555582,0.7458638730142446,106,DCCC-SBM
248,6,0.011721300770536763,2.8951612903225805,0.1551209394854268,0.5196236790005127,0.016148233486943168,0.9986244771505541,1.4317885044144478,0.36053268124723487,0.9640181515797644,0.16694801105460694,0.1609108077801498,0.07020928669047066,107,DCCC-SBM
112,4,0.09700772200772201,10.767857142857142,0.04566238941149403,0.5206319689453803,0.14920463072695722,1.0083766118193231,0.03515535522942938,1.6835532746823074,0.5629453913519896,0.09265398107233451,0.08111335506598538,1.046989248438106,108,DCCC-SBM
154,12,0.027332144979203804,4.181818181818182,0.09330345870403045,0.47783719234971095,0.029292929292929294,1.4329478601850256,0.7990525855238566,0.5324786324786325,0.5208137754785371,0.11512296063078281,0.1791493679642034,0.2374169742460171,109,DCCC-SBM
68,12,0.11633011413520632,7.794117647058823,0.023140951179312155,0.452311023145527,0.5899967679379444,1.0423281615862245,2.963982558505485,0.8925747863247864,0.9599558034768884,0.17415559360377694,0.02410626728386594,0.6679665678718886,110,DCCC-SBM
101,12,0.08455445544554456,8.455445544554456,0.05501027712855677,0.43287216431212966,0.09042681320491455,1.1479826287335266,0.1416999690687206,1.1234126984126984,0.05656524253468509,0.10459198146501023,0.9725102317881015,0.8084219675466332,111,DCCC-SBM
263,8,0.036571561257365104,9.581749049429657,0.07683794721997995,0.38083331472632775,0.040441746256513894,1.0974865867282926,0.06133713904324621,0.9111245994749392,0.09338702111642316,0.11305988071250762,0.8227904295628842,0.3234707221243269,112,DCCC-SBM
263,7,0.02179781151133428,5.7110266159695815,0.07232617250765612,0.45193888008446587,0.023052887121328174,1.0642234010940448,0.036964988197783155,0.4820506169059446,0.49146385931700043,0.08491234434372555,0.14716478360823845,0.25670957126206106,113,DCCC-SBM
266,5,0.05163853028798411,13.68421052631579,0.08935460042863619,0.43481712715339776,0.13303894339029376,0.9843191235297942,2.159657928051319,3.1358374747748554,0.9585295259868918,0.12453168514220404,0.09322049869735378,0.4146617804859665,114,DCCC-SBM
237,3,0.05975112636773225,14.10126582278481,0.03176553867404683,0.33030533462218475,0.07123652964218023,1.0018122803586091,0.17069762093590746,2.3744007072100493,0.5949853314838732,0.07921291057254354,0.05338877614818613,0.7543104518677154,115,DCCC-SBM
149,3,0.020406312352621078,3.0201342281879193,0.08495778744255943,0.5224349448543218,0.013007350591243211,1.0048223109373284,0.11246175476002589,0.40596405228758164,0.7420871605921384,0.10249167188382687,0.11448491761367831,0.1991021512045525,116,DCCC-SBM
217,13,0.04066393582522615,8.783410138248849,0.05780997367340088,0.3676478253604662,0.04279816192329922,1.0166209919855727,0.0539875436112891,0.8254718264081091,0.6009994833443022,0.06380120556969968,0.09618972274603861,0.6373537218008021,117,DCCC-SBM
109,11,0.10431532449881074,11.26605504587156,0.052225453357107675,0.3236619836352617,0.1268161046844263,1.0821792248196163,0.4382062433371091,1.2259612936083524,0.3771916654058527,0.08908501879596953,0.13845866212582894,1.170963714311191,118,DCCC-SBM
130,9,0.05140131186642814,6.630769230769231,0.12796011417866257,0.41707877582002206,0.060367460593704875,0.9862254387710172,0.20227702467640915,0.6682583756113168,0.7410192447998992,0.1540646579944596,0.17268122936971256,0.33363467349063675,119,DCCC-SBM
127,10,0.07136607924009498,8.992125984251969,0.09445849529311184,0.8110510299266596,0.19371923076383668,1.0333262367059939,0.06594183164493839,2.3667324832030716,0.22381195129991327,0.1334598281386803,0.4220440184024634,0.5347382821888346,120,DCCC-SBM
115,10,0.07215865751334859,8.226086956521739,0.12256541098659872,0.6092079070849062,0.11128793118646484,1.0304806568120084,0.05089904060746053,1.384065313771196,0.23618804532751214,0.16565768309422116,0.5189314760475805,0.4355889576960152,121,DCCC-SBM
269,5,0.04383288020862232,11.74721189591078,0.1339032539063831,0.30875763478647145,0.047332448715491936,1.089632622067572,0.0423083592556757,1.1460166943031393,0.2994617043320641,0.17268204751564806,0.44714650310646004,0.25383576833399707,122,DCCC-SBM
118,8,0.10676517456178473,12.491525423728813,0.0701320732588994,0.2703236255301565,0.1135451626321122,1.007678450639216,0.03356193028830953,1.0311327561327563,0.027949690847816955,0.16401445157045413,2.5092253664185753,0.6509498007004745,123,DCCC-SBM
204,4,0.013570945619627161,2.7549019607843137,0.16966634543531542,0.6275566368708019,0.0080765639589169,1.0205217022597775,1.11839543503734,0.47191674861012817,0.7752867178639649,0.18297700565151223,0.21884335372437763,0.07416749209173105,124,DCCC-SBM
272,5,0.04905578467549381,13.294117647058824,0.10604047704378836,0.32726167453299154,0.08256663096731358,0.9983688131415734,0.7496031152895875,1.9405679264555673,0.9310793190207444,0.1334657384352924,0.11388984254887717,0.3675533904851342,125,DCCC-SBM
127,14,0.07599050118735158,9.5748031496063,0.06803773770959452,0.326483370328579,0.09494534079990304,0.9998089321406566,0.4247089351137329,0.8020244636316065,0.6147915384950092,0.11453021949658065,0.11066798003783333,0.6634973854181805,126,DCCC-SBM
269,12,0.01287244077012706,3.449814126394052,0.12069690504024269,0.5798955858236794,0.014468101085201456,1.081941540695682,0.37504650711645343,0.42706484803960265,0.5293526162090567,0.1330038582808331,0.2280085170913295,0.09678246132489886,127,DCCC-SBM
63,9,0.05478750640040963,3.3968253968253967,0.13867237522242237,0.4467446131856867,0.029780801209372636,1.0093252759828937,1.4035866952467309,0.43143924236361225,0.3060244741780529,0.154253140584533,0.45314145411042916,0.35517919565718836,128,DCCC-SBM
245,4,0.05312813650050184,12.963265306122448,0.017067431709718653,0.2991588200169466,0.05498391638525582,1.0193157515652262,0.009220759809253192,0.7544319945290514,0.14359860993618934,0.06147195220514749,0.11885513179621222,0.8642662969804469,129,DCCC-SBM
188,7,0.022016156559335535,4.117021276595745,0.14084356233833828,0.5033721724440869,0.06469789076172053,0.9825148261543547,1.7912546866457284,0.5122436342958236,0.8794769031819059,0.16076095921342953,0.16014469718166893,0.13694964664963485,130,DCCC-SBM
141,13,0.05592705167173252,7.829787234042553,0.03856632627992649,0.7350129076962875,0.10981210970045688,1.184333415988357,0.34454506824282277,1.4281012378426172,0.506548431113635,0.014161316417672173,0.07613551619366249,3.9492833873791637,131,DCCC-SBM
280,13,0.027188940092165898,7.585714285714285,0.08244541297572393,0.4070759888790702,0.10782309221688911,0.9975313229746686,1.7061438008782785,0.8332740474389025,0.8141466506964185,0.12964739107541787,0.10126604697716361,0.2097145177132772,132,DCCC-SBM
203,7,0.053894552016778036,10.886699507389162,0.01786808800465807,0.4058210580391448,0.06724667257862887,1.0169933541888374,0.09995834054342156,1.2532738503326737,0.1495448310435964,0.048935583365064574,0.11948315351300264,1.1013366616010078,133,DCCC-SBM
214,10,0.017726295467509104,3.7757009345794392,0.100329574202893,0.5447231961784419,0.03477599762646492,1.0790254777574173,0.7167354152605119,0.3689847109412327,0.9494524973739008,0.1566312522191952,0.10567097825367301,0.11317214934030095,134,DCCC-SBM
281,12,0.042094560244026434,11.786476868327401,0.024833461382519243,0.41905645621590293,0.28666321396656097,1.022919401621059,3.198023519847737,0.8847341055515149,0.9481393229143131,0.05299843706992539,0.026191785091444347,0.7942604078774524,135,DCCC-SBM
64,9,0.12896825396825398,8.125,0.14543968193999207,0.6296425209132653,0.2542126074246816,1.3815694378969683,0.12617398560980533,2.123606023606024,0.4816642536528647,0.031861418533568144,0.3019524094574193,4.047787572056067,136,DCCC-SBM
101,12,0.04712871287128713,4.712871287128713,0.034279352118048015,0.45217385621373907,0.1825296815395825,1.0492677756017714,3.0715362653860776,0.6591224747474748,0.8560468640356759,0.06678181163993409,0.04004377979547089,0.7057118055645135,137,DCCC-SBM
83,12,0.16309138995004407,13.373493975903614,0.0830618417753424,0.3139791509504347,0.3205673210446103,1.259749940410183,0.7003058047307446,1.4411502849002849,0.940821260918697,0.19286741157267082,0.08828652712868525,0.8456140341189399,138,DCCC-SBM
284,12,0.01898671179017568,5.373239436619718,0.10344590220600852,0.45592674041205433,0.0233353891804596,1.0135186885494494,0.05999045265254774,0.5174647993090149,0.8974266801003156,0.18485884565193922,0.11526947493297747,0.10270924133067855,139,DCCC-SBM
243,13,0.05308982076658844,12.847736625514404,0.0639087706866114,0.41761440145768103,0.1545552358039135,1.2259690708230329,1.4253654443795583,1.3196242795132709,0.7825828662859805,0.12092154737383666,0.08166390223940466,0.4390435114302489,140,DCCC-SBM
290,3,0.04534065147357117,13.10344827586207,0.07138602708758042,0.36700857055214087,0.05692096915824289,1.7106490465006614,0.03502290605813365,2.948407181475702,0.13936734935933492,0.11560561495851804,0.5122148581840624,0.39220111834395277,141,DCCC-SBM
105,11,0.020879120879120878,2.1714285714285713,0.024137958336745348,0.4859522450689313,0.0,1.0086026574402245,2.4741302867481854,0.2920456993986406,0.6280860614879964,0.029858540848063254,0.038430972786691366,0.6992679577131842,142,DCCC-SBM
243,13,0.026595925585824576,6.436213991769547,0.04510382534716802,0.40971236397214794,0.02278389191969437,1.0286168299527936,0.15352887909540514,0.6279586262863857,0.33543720294242685,0.06503772016562684,0.13446279944955736,0.4089307792169631,143,DCCC-SBM
51,11,0.09019607843137255,4.509803921568627,0.12495516229619841,0.4857516149020631,0.10398381574852163,1.7579366131163103,1.272710895214823,0.811111111111111,0.5623949698965409,0.17407509409497116,0.22218399698558,0.5181446484364027,144,DCCC-SBM
193,7,0.05386442141623489,10.341968911917098,0.058676257033632544,0.5599965447536472,0.09006637175550285,0.9969599654365012,0.055647981455445195,1.119047619047619,0.3678285862099576,0.1077574436570361,0.15952065509160826,0.4998672907244471,145,DCCC-SBM
215,10,0.04855466202999348,10.390697674418604,0.1584038716902237,0.31238311708870187,0.05567196077815992,1.0695009643706341,0.129431780426047,0.8232100536202704,0.23774149994020843,0.19525976988111404,0.6662861626180621,0.24866700426594016,146,DCCC-SBM
128,9,0.1186023622047244,15.0625,0.12877143949557304,0.407717259569207,0.15776712686058317,0.9866684622035786,0.03486989579320737,2.5956238977072306,0.6917964974050096,0.0986492772164353,0.1861406352570535,1.2022628604212913,147,DCCC-SBM
191,13,0.04568751722237531,8.680628272251308,0.12829190146965982,0.37235742430836505,0.05953003127317877,1.0023999122985225,0.18765666511500298,0.826920087936,0.2192312236557018,0.17058532962551815,0.5851899165200102,0.26782793879562805,148,DCCC-SBM
142,10,0.10408550594346219,14.67605633802817,0.08562269825818386,0.5238508101642941,0.14785858117206963,6.413441736457372,0.04178326248637358,2.94573313940961,0.1719434855916857,0.04536921837653933,0.49797000429264376,2.294187770210416,149,DCCC-SBM
206,3,0.03239403267819086,6.640776699029126,0.1258367973337654,0.4070764602448571,0.043167673750198,1.039606828141756,0.0505850259396532,0.8521237693389591,0.24234515471446472,0.1589697664905618,0.5192461862174571,0.20377480192193734,150,DCCC-SBM
53,5,0.059506531204644414,3.0943396226415096,0.09450068141515205,0.809484232940297,0.16456494547504538,1.1129385529594935,0.09887169248567747,0.7591341991341991,0.9661442930768401,0.07177743209854488,0.09781218198184415,0.8290423530748012,151,DCCC-SBM
220,11,0.023370693233706934,5.118181818181818,0.04918560975220183,0.4538214346468139,0.023819690410599496,1.0279810495641866,0.1708082664539303,0.5730806583811899,0.3645247066022793,0.07024537192341292,0.1349307985476732,0.3327008256029667,152,DCCC-SBM
239,5,0.04317710347737421,10.276150627615063,0.05626873611177365,1.1890993692252476,0.2215152054301809,1.0037752938942233,0.009718995941692628,3.123636485924622,0.05216641096239594,0.07454165871450923,1.0786392062190147,0.5792345410871568,153,DCCC-SBM
92,5,0.036311514572384136,3.3043478260869565,0.06597306618339824,0.49635095036473725,0.09502242926155965,1.0164705692979277,3.1320752466360906,0.4626657426657427,0.968933214969209,0.10213808226304424,0.0680883523902055,0.35551396470190455,154,DCCC-SBM
258,5,0.03571320845775646,9.178294573643411,0.11498030408630841,0.5094011802191789,0.045388405511094077,0.9997633879872174,0.01268776547343558,1.923859501156135,0.9517998038257874,0.10898565581492402,0.120803034024741,0.32768723728564336,155,DCCC-SBM
280,12,0.04667178699436764,13.021428571428572,0.07854774075174802,0.602460494795809,0.07737686887376964,0.9946139178031119,0.04920795988697985,1.6912520665036144,0.511303816311128,0.11127311940932437,0.15362244177726178,0.41943451609982163,156,DCCC-SBM
104,6,0.09055265123226289,9.326923076923077,0.03362531068614538,0.46484214845256855,0.12642661073611888,1.0462013144846207,0.23541699578906558,1.7518696581196582,0.2636185055786865,0.05358221163858836,0.12755292202393845,1.6899759913427963,157,DCCC-SBM
75,13,0.032432432432432434,2.4,0.10952565989067663,0.5853140973807078,0.04,0.9642839420717353,3.276041303243153,0.31999999999999995,0.508686335652217,0.11414822491602182,0.21531079609254153,0.28412559596343073,158,DCCC-SBM
150,10,0.09181208053691275,13.68,0.0747204218904975,0.4477059206745457,0.15708018875306592,0.9874196334729671,0.609296636135101,1.6643506493506492,0.7118823777746767,0.016884365710790102,0.10496175242330248,5.437697933671233,159,DCCC-SBM
95,10,0.08577827547592386,8.063157894736841,0.09358435320075895,0.35069657889671996,0.0697421051600618,0.9694827292924076,0.4339876531044129,1.0520753756047874,0.1781157023544908,0.14160046947273358,0.5254132676888014,0.6057767731655807,160,DCCC-SBM
139,15,0.05119382754665833,7.0647482014388485,0.12817833245285756,0.6569798830171317,0.07515236561999146,1.013074894507324,0.3971871132114737,0.9245275888133031,0.4682660824550128,0.1524992891592432,0.2737296961181721,0.3356987945904494,161,DCCC-SBM
274,6,0.031897542846447954,8.708029197080291,0.09469594716620207,0.3238156328852433,0.02590544206044417,0.9965417739649074,0.05002126121996111,0.7959180260418633,0.3138835162459237,0.12355758881299184,0.30169136722684414,0.2581593178766693,162,DCCC-SBM
194,8,0.07873511030393676,15.195876288659793,0.0884613232107645,0.31256451055429624,0.08866222479232537,1.0997173616465439,0.03900308284211211,1.165497560285791,0.8033596046202732,0.07398062952435878,0.11011422867419107,1.0642665628847146,163,DCCC-SBM
95,4,0.10750279955207166,10.105263157894736,0.0778735607293193,0.36309218870694543,0.10924695649072379,1.3680057228021398,0.1102630744941703,1.4140752864157118,0.06815775513624411,0.19086555100147878,1.1425487910165724,0.5632383580378983,164,DCCC-SBM
85,11,0.05994397759103642,5.035294117647059,0.03099474752887053,0.44402359952987946,0.20116713352007473,1.172003483318423,1.9303367263270168,0.6763902763902763,0.8584579776379602,0.05846395997606036,0.036105142402138676,1.0253150422171555,165,DCCC-SBM
59,4,0.15020455873758037,8.711864406779661,0.0753488408880701,0.3605473590228911,0.16259594509843758,1.0491554165097237,0.024583757216822953,1.3174603174603172,0.1700078368722996,0.07250973015662521,0.44320804425426547,2.071509001800584,166,DCCC-SBM
218,13,0.04904240476895108,10.642201834862385,0.020944029194966178,0.3580980940280083,0.23438209393520587,1.3140087482883307,1.6463960504379345,0.932410698276083,0.8276239572610118,0.026965292526165426,0.025306214267020014,1.818723261442961,167,DCCC-SBM
272,9,0.011992619926199263,3.25,0.11901275762131848,0.49676993563652244,0.0101015406162465,1.0026177817425959,0.23381453703984478,0.28277158637169425,0.17622574879560438,0.13013530729598635,0.6753426127265634,0.09215500524329373,168,DCCC-SBM
158,5,0.05474481980166089,8.594936708860759,0.06121905747462295,0.3280474933161233,0.048923147052335386,1.0096265642468123,0.011379710689830564,1.0873211703092855,0.6756573785799618,0.08822104998658399,0.09060665866372668,0.6205414672573731,169,DCCC-SBM
279,15,0.02039658595704082,5.670250896057348,0.10943398569846331,0.4241329899582923,0.02093394458985856,0.9938135130770295,0.1950026716418161,0.5443694535487705,0.03235613209159527,0.1290287641230799,3.382171434727501,0.15807782160561204,170,DCCC-SBM
286,11,0.04264507422402159,12.153846153846153,0.022605512956757,0.3089029664232347,0.10263645557629061,1.0157388390070576,1.0528518689411903,0.7100091109198796,0.9636392985824661,0.029526900261077536,0.023458479734077047,1.4442787372515522,171,DCCC-SBM
154,13,0.028944911297852476,4.428571428571429,0.08294561738388122,0.4537027473504684,0.0640425591724293,1.024305800547189,0.19969087777491196,0.6147761055369751,0.01730965685386765,0.11257424164936608,4.791869537572488,0.25711842135261204,172,DCCC-SBM
118,3,0.05751122700275243,6.728813559322034,0.10280438940209735,0.38045272008221614,0.06510513968141082,1.0044975340944802,0.05922670502874553,0.49727433060766413,0.5361012354183521,0.1629489684904509,0.19176301528548595,0.3529401108551521,173,DCCC-SBM
160,6,0.08034591194968553,12.775,0.10960341735463731,0.39079700760804587,0.13227002194252574,1.0203558033087154,0.4871391062010731,1.609332238642584,0.9334331404215794,0.12409133482614199,0.11741967646995648,0.6474739921385653,174,DCCC-SBM
208,6,0.05434782608695652,11.25,0.06307177741383713,0.4202382537722182,0.16496213889225098,1.0015494134889682,2.202074438254522,2.0503052503052506,0.8256193028829943,0.10872505586189547,0.07639329312383528,0.4998647796142787,175,DCCC-SBM
76,9,0.18596491228070175,13.947368421052632,0.08757563502310073,0.5364001949098487,0.27598823132747635,0.9816125660048001,0.07094526409541409,2.3444789510006903,0.2717950100085397,0.14924315848783656,0.3222120782141995,1.2460531803597419,176,DCCC-SBM
94,12,0.06520247083047358,6.0638297872340425,0.1253533832538565,0.4116194772225094,0.0854365492663365,1.0495148272139465,0.2422801392087488,0.762937062937063,0.08349212151344476,0.16302429497566412,1.5013797826860922,0.39995554552287343,177,DCCC-SBM
119,3,0.12491098134168922,14.739495798319327,0.11152334365533556,0.5268082353296065,0.18325879226934522,0.9945899604740726,0.0015791902365045651,5.2314379596988285,0.5312985805736088,0.020407655666968127,0.2099070988198971,6.12079032398956,178,DCCC-SBM
109,15,0.12062521236833164,13.027522935779816,0.0921414978427016,0.3458657118834068,0.14626328375258074,1.119602991067488,0.19705041591394876,1.4497169497169498,0.1743090980062113,0.1939210198055028,0.5286098023375593,0.6220326836632525,179,DCCC-SBM
95,9,0.11847704367301232,11.136842105263158,0.09291634142746757,0.6774280839548842,0.21657849396654516,1.116000179127748,0.0876798116710726,2.1615009746588694,0.44336594442220634,0.020299597513507225,0.20957031679227411,5.836423288401577,180,DCCC-SBM
237,13,0.031216477150826004,7.367088607594937,0.08203532356540703,0.43150758176154974,0.03218288495652604,1.043405478498098,0.07320455767677679,0.7440443270415729,0.26947161687358934,0.10832795709472343,0.30443029405909666,0.2881663975582028,181,DCCC-SBM
99,6,0.025149453720882294,2.4646464646464645,0.12329316296189494,0.4904010063238998,0.0,1.0147077598944445,0.3154133453858536,0.3320526695526696,0.9460938272234563,0.13208461724786805,0.13031811371577054,0.1904041079491278,182,DCCC-SBM
97,4,0.02620274914089347,2.515463917525773,0.15416384111917486,0.6124547161712341,0.022729504172803144,1.00281428606888,0.40604490579007835,0.6041666666666666,0.650124099267935,0.17831045924727446,0.237129866886598,0.146950152287794,183,DCCC-SBM
148,8,0.09229637801066372,13.567567567567568,0.11708084865019727,0.2743332390578426,0.08673300497990889,1.038159637375378,0.01798068784362217,0.8254596884173544,0.5968487001016167,0.15159278204333107,0.19616503919714262,0.6088441465787061,184,DCCC-SBM
118,10,0.10198464435752572,11.932203389830509,0.15761362857009542,0.29046472075468843,0.107100605443078,1.0138689732172785,0.07002058823011284,0.9862280701754388,0.7527458368380444,0.13463083570715587,0.20938492231609176,0.7575132682037199,185,DCCC-SBM
232,3,0.06530825496342738,15.086206896551724,0.051535111994550103,0.32931543094915017,0.06636878990966887,1.238246651079853,0.372596586250636,3.026184585395112,0.03835763315331264,0.015527244394678303,1.3435425431117725,4.206042830485148,186,DCCC-SBM
97,5,0.04639175257731959,4.453608247422681,0.08145288257319545,0.45140669480550055,0.034690052215825405,1.0501837347310379,0.029247432173979855,0.7167365967365967,0.7515275644140886,0.09960035253159008,0.10838309388784474,0.4657789997540982,187,DCCC-SBM
271,10,0.015334153341533416,4.1402214022140225,0.10082602036058813,0.4972671014403157,0.0352510343285251,1.0262858481849304,1.0164194365762564,0.44146533639267116,0.6143938690518881,0.11542016673656953,0.1641064884260311,0.13285506142554349,188,DCCC-SBM
84,10,0.07142857142857142,5.928571428571429,0.10249883913310415,0.41462824552918853,0.0639840318411747,1.0689356556125214,0.3831873188551854,1.0083099906629318,0.6759840888232087,0.09071606774863246,0.15162907060658767,0.7873861070179401,189,DCCC-SBM
163,9,0.013406044080890706,2.1717791411042944,0.02866871711371942,0.5115568849611143,0.003067484662576687,1.0193401205955992,0.2654460253634317,0.23942661960564773,0.5579536592182828,0.03650099520687106,0.0513818963995783,0.36727886472440924,190,DCCC-SBM
233,12,0.028969957081545063,6.721030042918455,0.03820056464356362,0.4080944414664006,0.02591189001186476,1.027410566982195,0.04506788548153338,0.6798298004606617,0.010055797998833937,0.06424935047527355,3.7988595880698206,0.45089883192973584,191,DCCC-SBM
66,7,0.17575757575757575,11.424242424242424,0.17188286691882385,0.3040116452391386,0.18761421144970253,0.9855984134078034,0.029528739799528598,1.4870922728065585,0.040275820341222124,0.018198742793495273,4.267644096696461,9.65767678305758,192,DCCC-SBM
105,12,0.01611721611721612,1.6761904761904762,0.13184811593706164,0.7701745938153748,0.007936507936507936,0.9960603674531446,1.4631247254602868,0.30396825396825394,0.2794756520129157,0.1427325243858232,0.4717695977715025,0.11291901538607516,194,DCCC-SBM
65,10,0.047115384615384615,3.0153846153846153,0.11541403826893244,0.5889266951227786,0.007912087912087912,0.9686685187183329,0.5062671490848832,0.6595238095238095,0.7137900834151996,0.12285982961801896,0.16169184883701734,0.3834889301236223,195,DCCC-SBM
235,12,0.0375704673577014,8.791489361702128,0.056500380094077735,0.3373269596825338,0.044059368527453596,1.0009386365974622,0.25350334657327345,0.8248484678152196,0.25460783014398747,0.09187694858693425,0.22191140021940908,0.40892158409192386,196,DCCC-SBM
107,12,0.11602891906189385,12.299065420560748,0.06436651341280691,0.2871335119421166,0.13443686275563235,1.0156290155191872,0.23078872101015682,1.3630384766748402,0.13056379515038563,0.1306830878297204,0.4929889893187346,0.8878648414940968,197,DCCC-SBM
108,7,0.11041883004499826,11.814814814814815,0.11864826973857856,0.3889169258751303,0.12530569686469606,1.051467046576406,0.21660433440945873,2.603264336037445,0.21265430913011552,0.15891054376286395,0.5579396449755549,0.6948489850350774,198,DCCC-SBM
54,8,0.2655485674353599,14.074074074074074,0.2241189437572094,0.2633288918124213,0.2752659279018068,1.2818138969390116,0.06209591721866338,1.7527777777777778,0.8157079455762037,0.04640354789185379,0.27475390545435374,5.722591902977689,199,DCCC-SBM
