run_id,timestamp,total_time,method,degree_distribution,n_graphs,universe_homophily,universe_edge_density,homophily_range_width,density_range_width,degree_heterogeneity,edge_noise,cluster_count_factor,cluster_variance,center_variance,assignment_skewness,community_exclusivity,universe_randomness_factor,community_imbalance_range_width,degree_separation_range_width,family_n_graphs,family_node_counts_mean,family_node_counts_std,family_node_counts_min,family_node_counts_max,family_edge_counts_mean,family_edge_counts_std,family_edge_counts_min,family_edge_counts_max,family_community_counts_mean,family_community_counts_std,family_community_counts_min,family_community_counts_max,consistency_overall,consistency_pattern,consistency_fidelity,consistency_degree,signal_degree_signals_mean,signal_degree_signals_std,signal_structure_signals_mean,signal_structure_signals_std,signal_feature_signals_mean,signal_feature_signals_std,community_gcn_accuracy,community_gcn_f1_macro,community_gcn_train_time,community_gcn_success,community_sage_accuracy,community_sage_f1_macro,community_sage_train_time,community_sage_success,community_mlp_accuracy,community_mlp_f1_macro,community_mlp_train_time,community_mlp_success,community_rf_accuracy,community_rf_f1_macro,community_rf_train_time,community_rf_success
0,20250527_125125,114.30363059043884,dccc_sbm,power_law,12,0.0,0.02,0.0749080237694725,0.04753571532049581,0.7319939418114051,0.05986584841970366,0.6560186404424365,0.08643731496473929,0.09654458213061719,0.4330880728874676,0.8404460046972835,0.7080725777960455,0.010292247147901223,0.978936896513396,12,87.5,7.354137157636736,74.0,100.0,466.4166666666667,225.15456111055994,137.0,1006.0,4.25,0.4330127018922193,4.0,5.0,0.529638909941046,0.6216106885454232,0.570154590392312,0.26466399182975947,0.3446284215440562,0.10475802619718741,0.24676685992796896,0.2890723922141846,0.5162907030834663,0.09282919663571614,0.40977443609022557,0.33926686577034254,8.086150169372559,True,0.6015037593984962,0.49699548891799267,2.121702194213867,True,0.5827067669172933,0.4736675135170347,3.396510124206543,True,0.5977443609022557,0.4886349568363957,0.7750904560089111,True
1,20250527_125326,121.14155340194702,dccc_sbm,power_law,12,0.0,0.02,0.02301091327795579,0.03045332696397407,0.13339096418598828,0.02405896199653488,0.8271390558111398,0.4309773705648129,1.0024744175160583,0.2705811061417019,0.6116055297697441,0.7337482962802829,0.19747500921550293,0.8614329830400664,12,88.25,6.233311051653581,77.0,98.0,427.0,287.08767534210403,105.0,929.0,4.333333333333333,0.4714045207910316,4.0,5.0,0.49933063718217763,0.5559751787200496,0.5621256883943243,0.2604514516821401,0.3574264705882353,0.07174071225766943,0.17553067677400022,0.2046650370839055,0.2548492494956311,0.08085889364226932,0.2656826568265683,0.16300606090592454,4.899584531784058,True,0.45387453874538747,0.37512975598941073,5.4709203243255615,True,0.45387453874538747,0.3745722317455427,3.3059892654418945,True,0.42435424354243545,0.3457668466850766,0.9277260303497314,True
2,20250527_125534,127.43207859992981,dccc_sbm,power_law,12,0.0,0.07,0.1669684297331299,0.005239805218493487,0.7446404816795178,0.03605008362562857,0.8593108378080719,0.3085268065028943,0.5967315311214946,0.20453630493044933,0.8039609638358426,0.7101479933270735,0.48026311260283366,0.619634776257256,12,89.58333333333333,6.396070842495588,80.0,100.0,654.6666666666666,273.764294401021,270.0,1071.0,4.25,0.4330127018922193,4.0,5.0,0.6234417471461938,0.7209403534269447,0.7174198584945769,0.24048831188792594,0.3763840872606352,0.053424291601825664,0.27133289863882365,0.26828061332264164,0.38314781720069885,0.05638844517551266,0.5551330798479087,0.38662100901686747,9.47425389289856,True,0.6311787072243346,0.4968655801238796,7.106631278991699,True,0.5893536121673004,0.5832456462398351,4.453798055648804,True,0.5703422053231939,0.5622542109388895,0.8634965419769287,True
3,20250527_125739,125.35809803009033,dccc_sbm,power_law,12,0.0,0.07,0.19780230269512003,0.027477236342236273,0.28144730195506285,0.007728956607917271,0.9444694959718031,0.2416759051801878,0.08229778135060434,0.08166222410413337,0.6463802845991777,0.627391682704426,0.4280910242978122,0.7550716947612868,12,89.83333333333333,4.46902922593064,80.0,95.0,629.0,221.09650984732136,287.0,913.0,4.083333333333333,0.27638539919628335,4.0,5.0,0.5528661356536048,0.6307017265649577,0.6041835695020047,0.2945600861340991,0.4062113003095975,0.067927347112537,0.13039134451515014,0.11082784132824759,0.4279278098873008,0.061596628236823395,0.5304659498207885,0.37898966116751953,7.391901016235352,True,0.5340501792114696,0.5214216095795043,3.477351188659668,True,0.5985663082437276,0.5907976977929718,1.2692172527313232,True,0.5483870967741935,0.5426227657822749,0.8932983875274658,True
4,20250527_125947,127.34867310523987,dccc_sbm,power_law,12,0.0,0.12000000000000001,0.15676647016115014,0.03174168530263651,0.24904309151574888,0.07580758646498177,0.8130769356316798,0.4692463051693148,0.07386951804487323,0.22043360171490223,0.9650889159740791,0.4550039189267788,0.2539671703518958,0.3594355683562901,12,89.16666666666667,6.618576550554928,80.0,100.0,935.0833333333334,254.90764939919364,507.0,1296.0,4.583333333333333,0.4930066485916347,4.0,5.0,0.6575109365583607,0.7410814094343662,0.7532215333589344,0.298948797205202,0.37666430168558657,0.09472768678729332,0.293651182144527,0.2784367340041529,0.33573272111405456,0.08031510765061345,0.5451127819548872,0.5290320322480278,11.130006551742554,True,0.6127819548872181,0.578912469644177,2.3476157188415527,True,0.5075187969924813,0.4745612036883785,3.50089693069458,True,0.4699248120300752,0.3850268833043366,0.8935158252716064,True
5,20250527_130145,118.669917345047,dccc_sbm,power_law,12,0.0,0.12000000000000001,0.022697694378729906,0.048724154721822836,0.7287346335011062,0.03514678058927014,1.2076051382590811,0.4018062548134264,0.9718871632173558,0.20729980359408318,0.8824124045092037,0.2466493817746419,0.12799621564898117,0.31680794790175265,12,92.0,5.6421036266035856,82.0,99.0,878.9166666666666,237.38416765984113,524.0,1378.0,4.5,0.5,4.0,5.0,0.6246298567942824,0.7209080230247963,0.7113124059129974,0.25870842609582434,0.3740074246072698,0.07797469801944114,0.18936830603151325,0.2286543793445791,0.3332572644885596,0.07551894296774789,0.4416961130742049,0.3506937844234202,5.927913427352905,True,0.568904593639576,0.5426785139708351,3.6852519512176514,True,0.5477031802120141,0.5308724511856849,2.153430938720703,True,0.5265017667844523,0.4837086908510108,0.8665509223937988,True
6,20250527_130347,122.05001544952393,dccc_sbm,power_law,12,0.0,0.17,0.0034980541862305262,0.04457866335901292,0.2848611674739183,0.02989763774589579,1.2920342606554294,0.16899059276433212,1.298418476168485,0.22375631610693708,0.8192919625400377,0.3571719948299895,0.056156012696354896,0.399328008393808,12,90.08333333333333,4.662944944512594,83.0,98.0,968.0833333333334,261.14920969097767,523.0,1575.0,4.25,0.4330127018922193,4.0,5.0,0.6889368039762512,0.8103866278532252,0.8202368723145019,0.18343701954580194,0.3856217750257998,0.0875890440206267,0.30830386008446636,0.19817511994485357,0.4571714958237314,0.10616791853605179,0.4749034749034749,0.3776454131948637,7.629716873168945,True,0.6795366795366795,0.5650035009038281,2.5225327014923096,True,0.6911196911196911,0.5759539466473773,2.773249864578247,True,0.6023166023166023,0.5030055137844611,0.9265670776367188,True
7,20250527_130550,122.70232653617859,dccc_sbm,power_law,12,0.0,0.17,0.06019289117118292,0.012353091598090721,0.9263351350591756,0.0891603438277764,1.183276759974987,0.2877734831548394,0.8249791615621173,0.10521191799338292,0.9079017872741743,0.8962301009569733,0.3608252282829858,0.6491462449357861,12,91.66666666666667,6.53622385037586,80.0,100.0,1129.25,312.0809523718699,565.0,1671.0,4.666666666666667,0.4714045207910317,4.0,5.0,0.5754197160375875,0.6444704332464366,0.6697214835161011,0.248714746662862,0.32639727382180944,0.07878564171317749,0.18466801165028923,0.29413406455693475,0.38516164070856823,0.04839449240132777,0.47388059701492535,0.4291259597781735,6.145490407943726,True,0.582089552238806,0.5658583885655739,2.6166670322418213,True,0.6417910447761194,0.6326884459844417,3.938091278076172,True,0.5261194029850746,0.48538602667925906,0.8926646709442139,True
8,20250527_130747,116.87308526039124,dccc_sbm,power_law,12,0.2,0.02,0.09892032910760429,0.011404155222466811,0.25547392375721134,0.039632990972277696,0.877315097691124,0.49832137277577815,0.6182138284964637,0.3859469974198568,0.9042146752035537,0.31000934868533203,0.17327060228134866,0.5462353722475937,12,89.5,9.810708435174291,64.0,98.0,493.3333333333333,207.9023542168027,94.0,799.0,4.333333333333333,0.4714045207910316,4.0,5.0,0.5049290094557175,0.47187243102192333,0.6023695043795348,0.37616117647567093,0.3693892891164563,0.09566708211852591,0.1916401195310299,0.44740105450457557,0.38787996060408525,0.11335429462503802,0.3908450704225352,0.3505046372067649,8.678500652313232,True,0.5176056338028169,0.4067411862381792,4.356747150421143,True,0.5669014084507042,0.5621738516574883,1.5562317371368408,True,0.528169014084507,0.5221196363067648,0.8487000465393066,True
9,20250527_130933,106.02028775215149,dccc_sbm,power_law,12,0.2,0.02,0.13514628310071047,0.002235609110147302,0.3433036725425923,0.0644019727019831,0.7842129987402895,0.4751755252585025,0.2449285514729083,0.19398648121138118,0.8359974705889257,0.48779579131284057,0.08717169301206062,0.45272779282824743,11,92.81818181818181,6.364934932441563,78.0,100.0,432.6363636363636,256.1385536729798,170.0,914.0,4.454545454545454,0.49792959773196915,4.0,5.0,0.6080340400206913,0.5604310303903319,0.7366463834396683,0.4460153724434557,0.46084130781499194,0.08780384200018596,0.05206454965757828,0.029827618545898358,0.2755416446499081,0.08010351261520474,0.3460207612456747,0.336012583026549,5.855823040008545,True,0.36678200692041524,0.31620419518388215,2.9423341751098633,True,0.3633217993079585,0.31171844764791656,4.144625663757324,True,0.314878892733564,0.2775792328106849,0.7760491371154785,True
10,20250527_131122,108.91615772247314,dccc_sbm,power_law,12,0.2,0.07,0.1646220681419584,0.0013058990784933667,0.21077063993129397,0.061842176934961024,0.5982844653368992,0.31386434183966083,0.09029642720168118,0.48032702890211926,0.9921717496860294,0.5211276502712239,0.3182766724177739,0.835329863788475,12,90.25,5.261891294962297,82.0,100.0,625.4166666666666,261.804462125627,376.0,1414.0,4.333333333333333,0.4714045207910316,4.0,5.0,0.46758811919505405,0.4510455188991645,0.5940547566993548,0.24774004477823156,0.43503167641325535,0.060034080258988286,0.07474676632744266,0.036367840033046314,0.30534831764802256,0.09224865035516557,0.38257575757575757,0.2696926880960791,3.054980516433716,True,0.3939393939393939,0.29657386174273304,3.090257406234741,True,0.42045454545454547,0.33764182317356434,5.025437593460083,True,0.39015151515151514,0.3456072145957777,0.915226936340332,True
11,20250527_131318,116.17929816246033,dccc_sbm,power_law,12,0.2,0.07,0.16933248144202678,0.028058277013251712,0.45487540240575286,0.03521749136919618,1.0858513841348372,0.2725173746938071,1.2429098524012256,0.13227109936101722,0.7913516245354864,0.3477850228457219,0.06723916115448686,0.4819841452401414,11,90.18181818181819,7.395553723422815,78.0,100.0,483.0,148.35461202500886,222.0,781.0,4.363636363636363,0.4810456929208346,4.0,5.0,0.6148386274805869,0.6911387923916464,0.6425831772984251,0.4067491980227916,0.37984512305719736,0.07691778860214436,0.07698325246571723,0.04144139007319996,0.40122933959797175,0.1000778199435219,0.4810606060606061,0.3572736630152898,5.096019744873047,True,0.5340909090909091,0.4488990700849004,2.1095945835113525,True,0.6212121212121212,0.5060359192697914,3.4649577140808105,True,0.5378787878787878,0.4895804608700452,0.817612886428833,True
12,20250527_131513,114.63312864303589,dccc_sbm,power_law,12,0.2,0.12000000000000001,0.08403659342815478,0.01816197484825428,0.18487668776145172,0.05182827281674762,0.5086054520087693,0.4847787412925482,1.2040580714645268,0.3786559943043272,0.8685937207367296,0.02965700882492317,0.19578101499016576,0.5833558272976443,12,91.25,7.1545440106270926,80.0,98.0,739.0833333333334,242.80048679705914,461.0,1204.0,4.416666666666667,0.4930066485916346,4.0,5.0,0.41063358367818514,0.2900973385554763,0.5581433218943787,0.35668659749121545,0.37814728815502807,0.07573515395285835,0.055473993663980974,0.055789389700491875,0.26834602088085063,0.08028483754536027,0.2572463768115942,0.22111379512477852,4.458971261978149,True,0.322463768115942,0.251984007996002,2.9347774982452393,True,0.34057971014492755,0.2739839946509538,3.7812135219573975,True,0.32971014492753625,0.24712583803214544,0.9825973510742188,True
13,20250527_131523,9.417535305023193,dccc_sbm,power_law,12,0.2,0.12000000000000001,0.0186216573343716,0.04858279599948938,0.4838599804636461,0.02425227014980641,1.0311238298072531,0.1499166753777514,1.295319261806943,0.02055007673043685,0.6433390935802882,0.767160045428697,0.025714354441942144,0.8430015770507537,4,84.0,2.7386127875258306,81.0,88.0,451.25,18.498310733685926,425.0,475.0,4.0,0.0,4.0,4.0,0.548053189542902,0.5659679000481255,0.6481030705697226,0.3121240064788143,0.41162173202614377,0.10022892291039114,0.09652699205544818,0.04763012921501927,0.4604243571008544,0.027990152863527146,,,0.0,False,,,0.0,False,,,0.0,False,0.5352941176470588,0.4235877684407096,0.42085957527160645,True
14,20250527_131728,125.71970176696777,dccc_sbm,power_law,12,0.2,0.17,0.19683837010851535,0.01667061330073267,0.6737016246691375,0.019639041721452456,0.8544464646410236,0.40854931705920966,0.37929583473177897,0.22930566257310692,0.9509205685988351,0.3916584611674081,0.163066710175155,0.36306657717063984,11,87.54545454545455,5.883159886313977,80.0,100.0,762.7272727272727,143.45673463014484,542.0,994.0,4.2727272727272725,0.44536177141512334,4.0,5.0,0.4850731395975412,0.41694214876033053,0.7284510344434231,0.13457933158019875,0.44703396191012296,0.07845386096154425,0.082988980389034,0.030549546818454384,0.36545834549230327,0.09854416781600525,0.4474708171206226,0.3445200501339953,8.958171606063843,True,0.6653696498054474,0.5349506169605197,7.495254993438721,True,0.6536964980544747,0.5236568506723459,1.9657344818115234,True,0.6459143968871596,0.6452970729464856,0.8060009479522705,True
15,20250527_131741,12.18915057182312,dccc_sbm,power_law,12,0.2,0.17,0.01746992858043501,0.0115238549775864,0.41106107063891273,0.0310782698560087,1.0659558907615057,0.27708121485408677,1.2125781698172613,0.45907755364179875,0.8088363011374708,0.42468726138828505,0.03590197727481892,0.9289701951254523,3,91.33333333333333,5.557777333511022,86.0,99.0,756.3333333333334,180.5737768583492,604.0,1010.0,4.333333333333333,0.4714045207910317,4.0,5.0,0.6814514479896933,0.695959595959596,0.8245409522016706,0.36625614362593323,0.49841875931659213,0.10851712273856073,0.1511198349741617,0.04996170042976918,0.4044559791588654,0.1690130301110593,,,0.0,False,,,0.0,False,,,0.0,False,0.35135135135135137,0.2742275698158051,0.31400418281555176,True
16,20250527_131929,108.00848960876465,dccc_sbm,power_law,12,0.4,0.02,0.07302111660453879,0.022560295794666896,0.4960603487677895,0.007562206659513693,1.071761582327721,0.15192066282923972,0.4701186435947529,0.1874380832526103,0.9263426697724058,0.968834693707313,0.39444060958223504,0.566477279007222,12,82.41666666666667,10.594482316543624,61.0,98.0,307.5833333333333,175.8045592570214,73.0,691.0,4.166666666666667,0.37267799624996495,4.0,5.0,0.7537015001722307,0.847220735312377,0.8597281653235491,0.35460969958930116,0.492002747567763,0.10436244153244298,0.5056008179344057,0.25259291511845017,0.5697970748435145,0.10909105774381267,0.7489878542510121,0.7295359163685264,4.947199821472168,True,0.8421052631578947,0.8351254713751188,2.895108461380005,True,0.8340080971659919,0.832893192488263,3.62473464012146,True,0.7975708502024291,0.7883917008061319,0.7587950229644775,True
17,20250527_132128,119.37526226043701,dccc_sbm,power_law,12,0.4,0.02,0.18480702311488506,0.007893529026739598,0.8669150768157973,0.00841569408614582,1.0735736839376275,0.14815048576282727,0.39185803113690815,0.28199020597915675,0.6879293407274705,0.6486207995826014,0.3138761212048414,0.5876820872529116,12,89.0,4.415880433163924,82.0,95.0,374.75,164.15649291656626,157.0,670.0,4.25,0.4330127018922193,4.0,5.0,0.7343687527028204,0.763047431042422,0.8352450541317876,0.47525879316568287,0.46665770840499937,0.10034853484827848,0.30700161067351045,0.09767966250217375,0.4782671508260838,0.0797929853376512,0.6791044776119403,0.6829047319823358,7.114067077636719,True,0.7388059701492538,0.5832647076521914,4.508850336074829,True,0.7052238805970149,0.6963927429041618,2.127980947494507,True,0.6417910447761194,0.6310173082008603,0.8664908409118652,True
18,20250527_132325,117.2196671962738,dccc_sbm,power_law,12,0.4,0.07,0.06017466600932375,0.0093472908170939,0.32318267696821945,0.06657495702883091,1.0669708009692134,0.2051444398603947,0.575328224131649,0.0052907679393214835,0.6681462403974848,0.12339337068010403,0.346200638202043,0.9121090924008839,11,91.9090909090909,4.316028171079716,82.0,99.0,630.6363636363636,222.67312885494195,271.0,958.0,4.454545454545454,0.49792959773196915,4.0,5.0,0.6985843949298874,0.7150531286894922,0.8511827723584046,0.3604501725536435,0.39507091034180825,0.11090065273389328,0.3069677645085911,0.14031484382605752,0.33084400356463767,0.08651302013429518,0.4944649446494465,0.40597210412092444,9.889442920684814,True,0.5719557195571956,0.5647510745611888,3.3610002994537354,True,0.5571955719557196,0.5300187159392752,3.107858896255493,True,0.47601476014760147,0.42207051527937595,0.8049354553222656,True
19,20250527_132517,110.96625709533691,dccc_sbm,power_law,12,0.4,0.07,0.16489389518265637,0.009067486624859988,0.8773267682070526,0.04995513073466393,1.4649264332226783,0.011737317936768115,1.386230076491194,0.3147219566172721,0.7217190219997407,0.3409250820666343,0.07036759035700829,0.6409012430995935,11,91.36363636363636,4.995866059648758,81.0,97.0,473.6363636363636,93.87154930326356,292.0,648.0,4.818181818181818,0.385694607919935,4.0,5.0,0.7274078678546843,0.7807353019788837,0.8522908937671496,0.3709869477813543,0.40957234887575444,0.06365486687108883,0.3457599005820575,0.18189133883791214,0.7122881352159428,0.08633534942152389,0.7034220532319392,0.6726662935448295,2.010300397872925,True,0.779467680608365,0.7745280675608545,2.21138858795166,True,0.779467680608365,0.77501954366777,2.296785354614258,True,0.779467680608365,0.77501954366777,0.7650551795959473,True
20,20250527_132646,89.41665148735046,dccc_sbm,power_law,12,0.4,0.12000000000000001,0.0067509420846416646,0.024455375398279234,0.8460850972808829,0.04114019998097745,1.1314153737307646,0.15256218626040569,0.818772430506012,0.11409068995165189,0.6961105317681607,0.9534575270642959,0.3229052160825424,0.3125000074439904,6,91.0,4.163331998932265,83.0,96.0,583.0,58.349521563305615,478.0,661.0,4.333333333333333,0.4714045207910317,4.0,5.0,0.7093304172510179,0.8015953850329126,0.7952727258849802,0.35291586441930384,0.3761551140924206,0.13779538813885722,0.48176196109481645,0.19528001778771673,0.5021316962272723,0.06026323703478285,0.6470588235294118,0.5382449020010583,2.223076343536377,True,0.6149732620320856,0.5079116465863454,2.6649270057678223,True,0.5775401069518716,0.4796457014498673,1.525620937347412,True,0.5561497326203209,0.4509555931719145,0.49840545654296875,True
21,20250527_132842,115.96332120895386,dccc_sbm,power_law,12,0.4,0.12000000000000001,0.11078820450011728,0.01981239468526834,0.04812677258007669,0.05256725610928528,0.6530385818118903,0.2550049788871354,0.3915693017770599,0.2715465789347553,0.8193064478073887,0.22578871385664923,0.04462315547634754,0.6163087376660196,9,90.33333333333333,3.5901098714230026,85.0,96.0,739.4444444444445,244.50590136532315,489.0,1215.0,4.222222222222222,0.41573970964154905,4.0,5.0,0.755106697638656,0.800108225108225,0.8933894074968676,0.3885382229830945,0.395974085540649,0.06444032449042413,0.2839612758458311,0.1035100265075407,0.38043427089389464,0.12192870340563301,0.449438202247191,0.36478820375513055,3.6657681465148926,True,0.5692883895131086,0.46781257411555216,4.525347709655762,True,0.5468164794007491,0.4122973492863463,3.4802298545837402,True,0.5168539325842697,0.40364251974746823,0.6521706581115723,True
23,20250527_132853,8.62826657295227,dccc_sbm,power_law,12,0.4,0.17,0.04372901002944121,0.001570135975129028,0.2871252773397034,0.017264465555520647,0.8033763808784103,0.08984560902847329,1.051977492309372,0.3857554158340966,0.8058209790513068,0.23580688811756312,0.1150198132993871,0.6540006164534409,4,89.5,6.800735254367722,80.0,99.0,886.25,144.32493720767732,664.0,1067.0,4.5,0.5,4.0,5.0,0.768921681275758,0.8314243781610777,0.9153226928886911,0.35111426427925224,0.3911420708634331,0.07981780124890639,0.2763987902960486,0.1383691397235148,0.6419191738773782,0.20768818031294495,,,0.0,False,,,0.0,False,,,0.0,False,0.6149732620320856,0.5261989133002599,0.3939812183380127,True
24,20250527_133045,111.68119311332703,dccc_sbm,power_law,12,0.6000000000000001,0.02,0.03085751562625516,0.006684978035003297,0.36268546617688757,0.06791088754456315,0.6944500573338677,0.13309308790862684,1.140040423388054,0.2788092947811764,0.8059211671577344,0.46779986232110005,0.04358800180447908,0.8803668095944217,11,82.72727272727273,12.046054873547975,55.0,100.0,346.09090909090907,269.0168817093606,90.0,958.0,4.636363636363637,0.4810456929208346,4.0,5.0,0.7011572508976062,0.73017365445974,0.885531151073968,0.2743766434206148,0.3876120458332673,0.12919029411550853,1.0927654091341095,0.47248882036065754,0.40621839855529696,0.08999148920194852,0.6571428571428571,0.40680979978925186,4.8055689334869385,True,0.6964285714285714,0.6001239653368899,6.752424478530884,True,0.5857142857142857,0.45081979427597724,2.1511995792388916,True,0.5428571428571428,0.41547378892540177,0.7122130393981934,True
25,20250527_133227,102.80673122406006,dccc_sbm,power_law,12,0.6000000000000001,0.02,0.10917028598699573,0.04294283052956795,0.6858925865665791,0.03315918210134342,0.5599979295606179,0.19927611271092738,0.3275932894396899,0.46625332504068007,0.8891273195423448,0.0468953066683796,0.4106554246922489,0.7143086495036032,11,82.0,16.175177391186892,53.0,100.0,268.0,164.14849153351142,66.0,598.0,4.363636363636363,0.4810456929208347,4.0,5.0,0.7110385089813821,0.6639376831123902,0.8980039550312973,0.43130926861953506,0.4216686337710824,0.09614395945519166,1.1474621043166595,0.4129028729454487,0.30950156787266275,0.11699007889782458,0.3900709219858156,0.27252615557157733,2.978822708129883,True,0.2978723404255319,0.23505551047682688,3.498680830001831,True,0.32269503546099293,0.2728826673354409,4.11988639831543,True,0.3475177304964539,0.22637631884396975,0.6843724250793457,True
26,20250527_133430,122.713538646698,dccc_sbm,power_law,12,0.6000000000000001,0.07,0.05187429398968868,0.0021680525580950127,0.5820303421266043,0.01125121678111214,1.1107767824971504,0.15523009956490627,1.212805768182672,0.04741886745810986,0.8800401495182277,0.932896023067255,0.4211044495493116,0.8599712890860067,10,86.4,6.437390775772434,79.0,97.0,497.6,189.4598638234494,331.0,1006.0,4.2,0.39999999999999997,4.0,5.0,0.7916177310279411,0.8180486541213126,0.9197064869656619,0.4825783729657564,0.4767772617819058,0.10222059085455128,0.8721408245058713,0.13989675620248274,0.5115973229986388,0.070062928325934,0.927461139896373,0.8877364323425335,6.843402624130249,True,0.689119170984456,0.6540453390658589,5.898165941238403,True,0.7823834196891192,0.7479699727928588,2.074950695037842,True,0.689119170984456,0.6738819868292868,0.6450216770172119,True
27,20250527_133558,87.46463441848755,dccc_sbm,power_law,12,0.6000000000000001,0.07,0.05924983233448671,0.040453385783666335,0.35025252522341144,0.07894092564308926,1.0613489757705725,0.13425858756786524,0.1664158546908125,0.029230364598439862,0.8693169523079376,0.6978296570017101,0.36639160297582696,0.8515118409483973,5,82.8,1.5999999999999999,81.0,85.0,311.4,48.51638898351773,237.0,378.0,4.6,0.48989794855663565,4.0,5.0,0.71612275018422,0.7342903587776785,0.8773082141350041,0.3574166050957349,0.44323529411764706,0.1327244785155769,1.2128218026902162,0.48146255159954066,0.5188126944464619,0.11309467307777295,0.8235294117647058,0.823522835035993,3.394880533218384,True,0.8823529411764706,0.8746000599653351,2.3464810848236084,True,0.8,0.6514044545325579,2.1677627563476562,True,0.7294117647058823,0.7048872180451127,0.41926002502441406,True
28,20250527_133731,92.73704767227173,dccc_sbm,power_law,12,0.6000000000000001,0.12000000000000001,0.18549610772379177,0.04362131472046078,0.5846312725955531,0.0905170173723797,0.8168325711907395,0.082523969455594,1.2907058123423782,0.21685048337557683,0.7974083188981778,0.45256369724725654,0.1815773373937118,0.4835992670996589,6,89.66666666666667,6.18241233033047,80.0,98.0,701.0,199.8908035236572,479.0,1046.0,4.333333333333333,0.4714045207910317,4.0,5.0,0.7538762107136158,0.8527777777777777,0.9642184550654745,0.13538858788157349,0.3799511237243436,0.10155742619967074,0.8566691533897308,0.14386572122481864,0.5985535190788814,0.10700993988615609,0.6871165644171779,0.557635667903525,2.7114412784576416,True,0.8404907975460123,0.6601494462699282,3.960670232772827,True,0.8098159509202454,0.7988335140076435,1.3426306247711182,True,0.7791411042944786,0.7741742993826833,0.5449602603912354,True
29,20250527_133739,8.499461650848389,dccc_sbm,power_law,12,0.6000000000000001,0.12000000000000001,0.037115054963707865,0.0193299651521035,0.8318961986371698,0.01986974490398822,1.4165579658994916,0.39627224331284017,1.0866803837259578,0.4978472604322324,0.938148857035068,0.23372659022212572,0.16120721591429943,0.8016592050812437,4,87.5,5.545268253204709,82.0,94.0,843.25,226.5186250620465,496.0,1128.0,4.0,0.0,4.0,4.0,0.7428372676161116,0.8272727272727272,0.9876455571001521,0.08434976933479893,0.4688370743034056,0.12375105523074553,1.1434700421337447,0.3299714099952742,0.40318043884220356,0.0669487984893878,,,0.0,False,,,0.0,False,,,0.0,False,0.40853658536585363,0.4139896740071463,0.4372994899749756,True
30,20250527_133747,8.054479122161865,dccc_sbm,power_law,12,0.6000000000000001,0.17,0.021347640451062147,0.03421713166393437,0.5349626173910872,0.03691870767499651,0.912614643726435,0.2980452632523385,1.076949944555074,0.08666701938719995,0.6266969173881083,0.500678872676934,0.21607359759167533,0.9626731453194362,4,90.5,8.077747210701755,81.0,99.0,1035.75,432.7362793896532,657.0,1769.0,4.0,0.0,4.0,4.0,0.7984650651260966,0.8909090909090908,0.9675742662202792,0.27535861137174245,0.4208533281733746,0.1534352095573954,0.7453237379495021,0.2107658649813592,0.332546823553983,0.11803164699402573,,,0.0,False,,,0.0,False,,,0.0,False,0.3888888888888889,0.340914534646014,0.380096435546875,True
31,20250527_133754,6.568637371063232,dccc_sbm,power_law,12,0.6000000000000001,0.17,0.12853798315721582,0.026931046548447347,0.51189798245863,0.061025722711299635,0.9929889836111917,0.11508637891780323,0.37353022873849595,0.2860472629891987,0.9090514654900237,0.31062795189814574,0.20204158719628196,0.7177600334874761,3,87.0,2.160246899469287,85.0,90.0,703.0,93.56637572689597,605.0,829.0,4.333333333333333,0.4714045207910317,4.0,5.0,0.7535435711137389,0.8281025826924308,0.9650427010759565,0.18142728803191935,0.37429193899782137,0.06177613600899861,1.1020529367151692,0.2897444596577372,0.5878191253191253,0.08377450102517674,,,0.0,False,,,0.0,False,,,0.0,False,0.6857142857142857,0.5662532306858924,0.29106569290161133,True
32,20250527_133930,95.64427375793457,dccc_sbm,power_law,12,0.8,0.02,0.040440458686048265,0.039227380205528045,0.8605372392370312,0.03270852010814347,0.7488604760848334,0.40707822096077395,1.0730178359933216,0.3306642066891121,0.8841965028118266,0.11290087517011738,0.43498600172803625,0.6334994721561654,8,89.375,6.101997623729462,80.0,99.0,374.875,115.60756625325178,171.0,548.0,4.375,0.4841229182759271,4.0,5.0,0.7305601825400194,0.6603230429024969,0.9441759268079999,0.443802973279104,0.4666210870313038,0.09501985285891557,3.021801985541742,1.9184819584976942,0.40319904199569195,0.12889266083788192,0.7463235294117647,0.5805035674645067,2.473501682281494,True,0.7573529411764706,0.6152907099538364,3.36474609375,True,0.4485294117647059,0.3435945588058264,1.591752529144287,True,0.4522058823529412,0.34280115765813274,0.5178408622741699,True
33,20250527_134115,104.48590755462646,dccc_sbm,power_law,12,0.8,0.02,0.11378804402384912,0.0032982113794721214,0.8881106699002571,0.0929658177174069,1.1796920413761298,0.27669515004816864,0.2898955198154253,0.3091317310925071,0.749651107354153,0.933582168271923,0.32407060121403375,0.7702538241653334,9,92.66666666666667,5.90668171555645,81.0,100.0,461.55555555555554,154.69907067961267,260.0,775.0,4.333333333333333,0.4714045207910317,4.0,5.0,0.745359049565054,0.748429995028368,0.9706330955716774,0.2886690666251797,0.4433941061804839,0.049362817393770006,2.5788020546784365,0.7729145756202326,0.3266747203415254,0.06359213931620213,0.9100346020761245,0.9122381251659221,5.4265992641448975,True,0.8754325259515571,0.833662428862002,1.8178000450134277,True,0.5536332179930796,0.4531024990753082,2.2959320545196533,True,0.5397923875432526,0.4669621953847744,0.6599383354187012,True
34,20250527_134121,6.038241863250732,dccc_sbm,power_law,12,0.8,0.07,0.062165959951271055,0.0409493610359425,0.3347526245715251,0.01937135186735427,0.6103133250526004,0.4815319428486482,1.2989204050898218,0.4262059869546115,0.6318044128408237,0.7607388880619933,0.43009663757234134,0.4157458591244549,3,96.0,1.4142135623730951,94.0,97.0,865.3333333333334,222.49244681311967,563.0,1092.0,4.0,0.0,4.0,4.0,0.8267359369561575,0.8554863727313783,0.9844480325326153,0.45381087425280037,0.5551656920077973,0.10412414222685748,2.2907730495029917,0.512851717763082,0.2307299182299182,0.05771603358487071,,,0.0,False,,,0.0,False,,,0.0,False,0.29842931937172773,0.20507375710766845,0.31676244735717773,True
35,20250527_134129,7.82585883140564,dccc_sbm,power_law,12,0.8,0.07,0.18382180635983636,0.03210977999619277,0.7537122297291767,0.013931456810273503,0.5873195479896001,0.396121008437881,0.49596489618138834,0.27053391073798383,0.6960940703472024,0.5454229255759049,0.2002772518399446,0.8006343210958298,4,91.0,4.415880433163924,84.0,96.0,459.0,154.60109960799116,342.0,725.0,4.5,0.5,4.0,5.0,0.7064980128664089,0.7303027845900676,0.9385607698292056,0.19476295549349817,0.4995267887856897,0.10485555081251752,2.1427689318098078,0.6834487939758083,0.22811441080179223,0.10286802679318711,,,0.0,False,,,0.0,False,,,0.0,False,0.3028571428571429,0.2678791478628782,0.39893579483032227,True
36,20250527_134137,8.164530754089355,dccc_sbm,power_law,12,0.8,0.12000000000000001,0.009636245500047536,0.0340481506933859,0.7986960679038018,0.08001085916578826,1.4652972501562604,0.22756971386745176,1.2485399660756638,0.12328381743860639,0.6201111512439695,0.48743178274908694,0.32511887681421653,0.9446851533527874,4,89.75,6.057020719792859,82.0,99.0,812.0,181.18084887757868,599.0,1001.0,4.0,0.0,4.0,4.0,0.775098944966286,0.8482114841012938,0.9934371467232042,0.19219746318243328,0.5199032507739938,0.18050042937772492,2.9796563096040387,1.2479606282369864,0.2457659987071752,0.034867763481455774,,,0.0,False,,,0.0,False,,,0.0,False,0.34269662921348315,0.24426828683731186,0.381986141204834,True
37,20250527_134142,4.951117277145386,dccc_sbm,power_law,12,0.8,0.12000000000000001,0.10013362526807623,0.02340337129740576,0.5007825256422324,0.014917816545210816,1.320277935819415,0.16746837548872257,1.1709692556900457,0.40754015393961135,0.6059209109125496,0.22757972836596296,0.3558657877081505,0.874779026849865,2,84.0,1.0,83.0,85.0,659.0,245.0,414.0,904.0,4.5,0.5,4.0,5.0,0.741085005151583,0.8160667896865126,0.9907456158657335,0.09180021465342278,0.4860294117647058,0.12573529411764706,2.7410050673597492,0.2614312012281037,0.31289231601731604,0.07955898268398268,,,0.0,False,,,0.0,False,,,0.0,False,0.2823529411764706,0.19498901098901097,0.2961435317993164,True
40,20250527_134328,99.91240334510803,dccc_sbm,power_law,12,1.0,0.02,0.055045133960267535,0.031961538046263484,0.6238992123353798,0.0778042307315416,0.9781135295005,0.4799756038895155,1.496176967997132,0.41625663823186737,0.6815380207939177,0.1340500014774645,0.3075073084338909,0.7150909403226187,9,89.77777777777777,6.8439393753042195,76.0,99.0,276.3333333333333,153.9242237812706,140.0,662.0,4.333333333333333,0.6666666666666666,3.0,5.0,0.7929978226598181,0.9474921222191531,0.9457902975876712,0.17842427368544206,0.42262202346825667,0.1100408154745803,23.025850930040455,1.1842378929335002e-15,0.31221440364926056,0.05650846505048695,0.5435540069686411,0.47246930765785244,1.9844024181365967,True,0.6306620209059234,0.5501399141216771,5.204315423965454,True,0.36585365853658536,0.3196887794634793,1.5280406475067139,True,0.32752613240418116,0.2778691774564233,0.6492600440979004,True
41,20250527_134508,99.5816798210144,dccc_sbm,power_law,12,1.0,0.02,0.05140848542102799,0.03418937915355363,0.6636417575691156,0.07771304344663998,1.3273666283354584,0.18477523043007424,0.5862367394545461,0.3717045806498944,0.7130162060383115,0.29407659188146384,0.2869954573852961,0.33298711598138264,6,75.5,17.08556895940743,50.0,93.0,307.3333333333333,210.65743650665542,73.0,650.0,3.8333333333333335,1.0671873729054748,2.0,5.0,0.7637867565798773,0.8542428383635912,0.8513233279972062,0.4078014501777918,0.49607116052162487,0.1611137485031746,23.02585093004046,4.351167857633658e-15,0.4556231912604462,0.13698210851327366,0.9701492537313433,0.9741935483870968,3.1152455806732178,True,0.6940298507462687,0.5771744141299698,3.3789989948272705,True,0.5447761194029851,0.518962097990561,1.0492920875549316,True,0.5,0.4312337183818392,0.466355562210083,True
42,20250527_134650,102.01567649841309,dccc_sbm,power_law,12,1.0,0.07,0.009208198726297101,0.018512115805779963,0.24231826749140473,0.0628480005044585,1.4901100600269168,0.07398814413657022,0.2686478533865073,0.12915702882983987,0.7673595866730473,0.13101889327289307,0.14522506271060542,0.646714266328879,7,83.14285714285714,3.3986792152486625,80.0,89.0,396.2857142857143,182.41844697266328,227.0,691.0,4.142857142857143,0.3499271061118826,4.0,5.0,0.8488403890235648,0.9627097486679405,0.9663014818763952,0.38617948402915275,0.45762138188608775,0.09127789741907803,23.02585093004046,3.552713678800501e-15,0.575321461427167,0.12144070261436923,0.9190751445086706,0.765,6.012438058853149,True,0.8959537572254336,0.7529862046131773,2.551220417022705,True,0.7225433526011561,0.6044467405590136,1.164766788482666,True,0.6994219653179191,0.5853127370072413,0.5243167877197266,True
44,20250527_134658,4.853488445281982,dccc_sbm,power_law,12,1.0,0.12000000000000001,0.040521390725778095,0.010354655203048659,0.15263774330024593,0.0754592811525523,0.7274267657361221,0.3354001623768699,0.88793455895261,0.21082361039501207,0.9424095504354084,0.48675269812908706,0.1251758185075893,0.8896932175777001,2,98.5,0.5,98.0,99.0,764.0,63.0,701.0,827.0,4.0,0.0,4.0,4.0,0.8906038766230276,0.9607689228305228,0.9843049408772906,0.5628716556995111,0.6502631578947369,0.03447368421052632,23.025850930040455,0.0,0.35641612200435735,0.03710239651416122,,,0.0,False,,,0.0,False,,,0.0,False,0.4489795918367347,0.39266135975123617,0.3688664436340332,True
